{
  "mesh_history": [
    {
      "timestamp": "2025-08-11T08:43:16.426819+00:00",
      "phase_gap": -1.338435,
      "slope": 0.0
    }
  ]
}